[{"model": "filsa.customuser", "pk": 1, "fields": {"last_login": null, "username": "filsacompany", "password": "pbkdf2_sha256$720000$DeKhHk3EssxsL9G8f0v4iB$+HnoPIpIjELQtDTw1xIZ5srNPAF9ULP5bTUNzk9PJKA=", "email": "operaciones@filsa.com.uy", "departamento": "Sales", "role": null, "is_staff": true, "is_superuser": true, "is_active": true, "groups": [], "user_permissions": []}}, {"model": "filsa.customuser", "pk": 2, "fields": {"last_login": null, "username": "Javier Bonetti", "password": "pbkdf2_sha256$720000$sRVhJRMWt0eTROCOSxz1GO$TFSgbmkKZ5qurXKrFKEPavqO9tziWX3zadDvj+LMags=", "email": "javier.bonetti@filsa.com.uy", "departamento": "Direccion", "role": "Administrador\n", "is_staff": false, "is_superuser": false, "is_active": true, "groups": [1], "user_permissions": []}}, {"model": "filsa.customuser", "pk": 3, "fields": {"last_login": null, "username": "Fernando Crego", "password": "pbkdf2_sha256$720000$ZMIOfFSedXQwMaheXMj5iW$IS2TMN1cqx4gq3KU04b0JOkUIsmX4/TARylG1fJmOw8=", "email": "Fernando.crego@filsa.com.uy", "departamento": "Direccion", "role": "Administrador\n", "is_staff": false, "is_superuser": false, "is_active": true, "groups": [1], "user_permissions": []}}, {"model": "filsa.customuser", "pk": 4, "fields": {"last_login": null, "username": "Natalie Pailos", "password": "pbkdf2_sha256$720000$YiHljLm6unPJhsw0ymqesc$uQHqnS+UdP+7QZtasbJ9GZl/qurlKJQzRfnkLMdK8zQ=", "email": "natalie.pailos@filsa.com.uy", "departamento": "Administracion", "role": "Administrador\n", "is_staff": false, "is_superuser": false, "is_active": true, "groups": [1], "user_permissions": []}}, {"model": "filsa.customuser", "pk": 5, "fields": {"last_login": null, "username": "Ignacio Cardoso", "password": "pbkdf2_sha256$720000$99LhZ3MVP44rADNsF93hv1$E5o2LULK5HHaOScrDKEcat/YqdDpAZ6hig1SwqZ2kAU=", "email": "ignacio.cardoso@filsa.com.uy", "departamento": "Administracion", "role": "Administrador\n", "is_staff": false, "is_superuser": false, "is_active": true, "groups": [1], "user_permissions": []}}, {"model": "filsa.customuser", "pk": 6, "fields": {"last_login": null, "username": "Victoria Bonetti", "password": "pbkdf2_sha256$720000$LGXe4Gxclm57OSXdjn8eLj$+lhh9xAdKFyDP/M+Hb2jLHwmQUrhAVdYb6mk4uO1Tuw=", "email": "victoria.bonetti@filsa.com.uy", "departamento": "Administracion", "role": "Administrador\n", "is_staff": false, "is_superuser": false, "is_active": true, "groups": [1], "user_permissions": []}}, {"model": "filsa.customuser", "pk": 7, "fields": {"last_login": null, "username": "Silvia Sanguinetti", "password": "pbkdf2_sha256$720000$AIL6ShpNa8afCnYhlps699$FBBtSqlh/IsCPNGMOrcFCTMkxxjnDLquaFOyOyiJD5M=", "email": "silvia.sanguinetti@filsa.com.uy", "departamento": "Administracion", "role": "Administrador\n", "is_staff": false, "is_superuser": false, "is_active": true, "groups": [1], "user_permissions": []}}, {"model": "filsa.customuser", "pk": 8, "fields": {"last_login": null, "username": "Sergio Ballestrino", "password": "pbkdf2_sha256$720000$CFc6I1EJBBoZo02X7QRBkt$DSvPs77nEI/wfs+ejB4/xs4dE/lFKbw4AzTFjEdy12Q=", "email": "sergio.ballestrino@filsa.com.uy", "departamento": "Ventas", "role": "Comercial\n", "is_staff": false, "is_superuser": false, "is_active": true, "groups": [2], "user_permissions": []}}, {"model": "filsa.customuser", "pk": 9, "fields": {"last_login": "2024-03-06T10:59:29.997Z", "username": "Rodrigo Fregueiro", "password": "pbkdf2_sha256$720000$1qg8i86fjKZhaPWg1lRUh1$XDEhN3Ani4ZsMRQC5pXQ9SP6FtAU4PFZ/dk/NkslucE=", "email": "rodrigofregueiro@filsa.com.uy", "departamento": "Encargado Servicio Tecnico", "role": "Supervisor\n", "is_staff": false, "is_superuser": false, "is_active": true, "groups": [3], "user_permissions": []}}, {"model": "filsa.customuser", "pk": 10, "fields": {"last_login": null, "username": "Gonzalo Fregueiro", "password": "pbkdf2_sha256$720000$TQ8bCr4Kxhq0FyWdQixgSI$JDN1LS1jz0415Tnf+tAuWgvdQ2/zMzp0udAcw5jJuOE=", "email": "gonzalo.fregueiro@filsa.com.uy", "departamento": "Encargado Servicio Tecnico", "role": "Supervisor\n", "is_staff": false, "is_superuser": false, "is_active": true, "groups": [3], "user_permissions": []}}, {"model": "filsa.customuser", "pk": 11, "fields": {"last_login": null, "username": "Raul Ricci", "password": "pbkdf2_sha256$720000$U7GgyyZ9xqdya1rE0nyoZH$KoGyzhQqfs6UtPVhdegdT4lKIojCDxyDZ45tXTmy42M=", "email": "raul.ricci@filsa.com.uy", "departamento": "Servicio tecnico", "role": "Tecnico\n", "is_staff": false, "is_superuser": false, "is_active": true, "groups": [4], "user_permissions": []}}, {"model": "filsa.customuser", "pk": 12, "fields": {"last_login": null, "username": "Carlos Echeverria", "password": "pbkdf2_sha256$720000$rtsLJIyl50prSCHYRUbF2Y$W4vb5sJeC5KP0d36p+cy5dXtFp+i1zYnaH4ohdf+5lA=", "email": "carlos.echeverria@filsa.com.uy", "departamento": "Servicio tecnico", "role": "Tecnico\n", "is_staff": false, "is_superuser": false, "is_active": true, "groups": [4], "user_permissions": []}}, {"model": "filsa.customuser", "pk": 13, "fields": {"last_login": null, "username": "Fernando Elías", "password": "pbkdf2_sha256$720000$vAdNwRgJ0BGGgceTABtX4w$4WAU/zAomfBpVU/xGcAwE5JEKxtt47hiv8TeV86YGrs=", "email": "fernando.elias@filsa.com.uy", "departamento": "Servicio tecnico", "role": "Tecnico\n", "is_staff": false, "is_superuser": false, "is_active": true, "groups": [4], "user_permissions": []}}, {"model": "filsa.customuser", "pk": 14, "fields": {"last_login": null, "username": "Cristian Lopez", "password": "pbkdf2_sha256$720000$jYo4FrFPLNdtzEcyOLuL5k$2A9QmvFy2dURm5hjSxqERsVWSwGQEg1Oi6HzTtjQxoY=", "email": "cristian.lopez@filsa.com.uy", "departamento": "Servicio tecnico", "role": "Tecnico\n", "is_staff": false, "is_superuser": false, "is_active": true, "groups": [4], "user_permissions": []}}, {"model": "filsa.customuser", "pk": 15, "fields": {"last_login": null, "username": "Joel Villar", "password": "pbkdf2_sha256$720000$tMlz8YkIxkMG4BCjxAcAJO$WVXOoGbmpZarpnbriQsr6jGE5UW071Sl9qqQPRc2ccU=", "email": "logistica@filsa.com.uy", "departamento": "Logistica", "role": "Logistica\n", "is_staff": false, "is_superuser": false, "is_active": true, "groups": [5], "user_permissions": []}}, {"model": "filsa.customuser", "pk": 16, "fields": {"last_login": null, "username": "Gerardo Braga", "password": "pbkdf2_sha256$720000$41xmtSSRt22UeL0UsRwls3$WLdk7lYM+snF8Fq55naBv/87YSfpDunjv0MviYMrzG0=", "email": "gerardo.braga@ciame.com.uy", "departamento": "Logistica", "role": "Logistica\n", "is_staff": false, "is_superuser": false, "is_active": true, "groups": [5], "user_permissions": []}}, {"model": "filsa.customuser", "pk": 17, "fields": {"last_login": null, "username": "Nicolas Ferrari", "password": "pbkdf2_sha256$720000$jzcTWspfvCqNluuE5EgDXR$Au71sIm4mmNvKA+i/Ib1nTQiX7vnfCEK43n2xco0EdU=", "email": "nferrari3444@gmail.com", "departamento": "Administracion", "role": "Administrador", "is_staff": false, "is_superuser": false, "is_active": true, "groups": [6], "user_permissions": []}}, {"model": "filsa.warehouses", "pk": 1, "fields": {"name": "Anaya 2710"}}, {"model": "filsa.warehouses", "pk": 2, "fields": {"name": "Crocker 2652"}}, {"model": "filsa.warehouses", "pk": 3, "fields": {"name": "Juanico"}}, {"model": "filsa.warehouses", "pk": 4, "fields": {"name": "Taller"}}, {"model": "filsa.warehouses", "pk": 5, "fields": {"name": "En Transito"}}, {"model": "filsa.warehouses", "pk": 6, "fields": {"name": "Anaya 2710"}}, {"model": "filsa.warehouses", "pk": 7, "fields": {"name": "Crocker 2652"}}, {"model": "filsa.warehouses", "pk": 8, "fields": {"name": "Juanico"}}, {"model": "filsa.warehouses", "pk": 9, "fields": {"name": "Taller"}}, {"model": "filsa.warehouses", "pk": 10, "fields": {"name": "En Transito"}}, {"model": "filsa.product", "pk": 1, "fields": {"name": "Sal en pastillas", "barcode": 473567588, "internalCode": 2386, "quantity": 48000.0, "category": "Insumos", "location": "A1", "supplier": "De Salt", "warehouse": 3, "deltaQuantity": 3.0, "stockSecurity": 10000, "inTransit": false}}, {"model": "filsa.product", "pk": 2, "fields": {"name": "Filtro 10\"x2.5\" 1 micra", "barcode": 23412325, "internalCode": 282, "quantity": 316.0, "category": "Insumos", "location": "O1", "supplier": "Clack Corp.", "warehouse": 2, "deltaQuantity": 3.0, "stockSecurity": 50, "inTransit": false}}, {"model": "filsa.product", "pk": 3, "fields": {"name": "Valvula Aut. WS1", "barcode": 6795679567, "internalCode": 1833, "quantity": 12.0, "category": "Equipos", "location": "E1", "supplier": "Clack Corp.", "warehouse": 1, "deltaQuantity": 3.0, "stockSecurity": 5, "inTransit": false}}, {"model": "filsa.product", "pk": 4, "fields": {"name": "Anti incrustante", "barcode": 47845787478, "internalCode": 2106, "quantity": 20.0, "category": "Insumos", "location": "Z1", "supplier": "AWC", "warehouse": 3, "deltaQuantity": 3.0, "stockSecurity": 5, "inTransit": false}}, {"model": "filsa.product", "pk": 5, "fields": {"name": "Test peracetico", "barcode": 6574568854745, "internalCode": 7101, "quantity": 200.0, "category": "Insumos", "location": "M1", "supplier": "RPC", "warehouse": 1, "deltaQuantity": 3.0, "stockSecurity": 50, "inTransit": false}}, {"model": "filsa.product", "pk": 6, "fields": {"name": "Membrana Toray 8\"x40\"", "barcode": 2345234654, "internalCode": 1634, "quantity": 94.0, "category": "Equipos", "location": "H1", "supplier": "WPC", "warehouse": 1, "deltaQuantity": 3.0, "stockSecurity": 20, "inTransit": false}}, {"model": "filsa.product", "pk": 7, "fields": {"name": "Lampara UV S36RL", "barcode": 587957890076, "internalCode": 1027, "quantity": 25.0, "category": "Equipos", "location": "C1", "supplier": "Luminor", "warehouse": 1, "deltaQuantity": 3.0, "stockSecurity": 15, "inTransit": false}}, {"model": "filsa.product", "pk": 8, "fields": {"name": "Ozono CD10AD", "barcode": 26525624655, "internalCode": 1500, "quantity": 5.0, "category": "Equipos", "location": "B1", "supplier": "Clear Water Tech", "warehouse": 1, "deltaQuantity": 3.0, "stockSecurity": 2, "inTransit": false}}, {"model": "auth.permission", "pk": 1, "fields": {"name": "Can add product", "content_type": 1, "codename": "add_product"}}, {"model": "auth.permission", "pk": 2, "fields": {"name": "Can change product", "content_type": 1, "codename": "change_product"}}, {"model": "auth.permission", "pk": 3, "fields": {"name": "Can delete product", "content_type": 1, "codename": "delete_product"}}, {"model": "auth.permission", "pk": 4, "fields": {"name": "Can view product", "content_type": 1, "codename": "view_product"}}, {"model": "auth.permission", "pk": 5, "fields": {"name": "Can add warehouses", "content_type": 2, "codename": "add_warehouses"}}, {"model": "auth.permission", "pk": 6, "fields": {"name": "Can change warehouses", "content_type": 2, "codename": "change_warehouses"}}, {"model": "auth.permission", "pk": 7, "fields": {"name": "Can delete warehouses", "content_type": 2, "codename": "delete_warehouses"}}, {"model": "auth.permission", "pk": 8, "fields": {"name": "Can view warehouses", "content_type": 2, "codename": "view_warehouses"}}, {"model": "auth.permission", "pk": 9, "fields": {"name": "Can add custom user", "content_type": 3, "codename": "add_customuser"}}, {"model": "auth.permission", "pk": 10, "fields": {"name": "Can change custom user", "content_type": 3, "codename": "change_customuser"}}, {"model": "auth.permission", "pk": 11, "fields": {"name": "Can delete custom user", "content_type": 3, "codename": "delete_customuser"}}, {"model": "auth.permission", "pk": 12, "fields": {"name": "Can view custom user", "content_type": 3, "codename": "view_customuser"}}, {"model": "auth.permission", "pk": 13, "fields": {"name": "Can add tasks", "content_type": 4, "codename": "add_tasks"}}, {"model": "auth.permission", "pk": 14, "fields": {"name": "Can change tasks", "content_type": 4, "codename": "change_tasks"}}, {"model": "auth.permission", "pk": 15, "fields": {"name": "Can delete tasks", "content_type": 4, "codename": "delete_tasks"}}, {"model": "auth.permission", "pk": 16, "fields": {"name": "Can view tasks", "content_type": 4, "codename": "view_tasks"}}, {"model": "auth.permission", "pk": 17, "fields": {"name": "Can add Detalle Movimiento Producto", "content_type": 5, "codename": "add_stockmovements"}}, {"model": "auth.permission", "pk": 18, "fields": {"name": "Can change Detalle Movimiento Producto", "content_type": 5, "codename": "change_stockmovements"}}, {"model": "auth.permission", "pk": 19, "fields": {"name": "Can delete Detalle Movimiento Producto", "content_type": 5, "codename": "delete_stockmovements"}}, {"model": "auth.permission", "pk": 20, "fields": {"name": "Can view Detalle Movimiento Producto", "content_type": 5, "codename": "view_stockmovements"}}, {"model": "auth.permission", "pk": 21, "fields": {"name": "Can add Faltante Producto Total", "content_type": 6, "codename": "add_diffproducts"}}, {"model": "auth.permission", "pk": 22, "fields": {"name": "Can change Faltante Producto Total", "content_type": 6, "codename": "change_diffproducts"}}, {"model": "auth.permission", "pk": 23, "fields": {"name": "Can delete Faltante Producto Total", "content_type": 6, "codename": "delete_diffproducts"}}, {"model": "auth.permission", "pk": 24, "fields": {"name": "Can view Faltante Producto Total", "content_type": 6, "codename": "view_diffproducts"}}, {"model": "auth.permission", "pk": 25, "fields": {"name": "Can add permission", "content_type": 7, "codename": "add_permission"}}, {"model": "auth.permission", "pk": 26, "fields": {"name": "Can change permission", "content_type": 7, "codename": "change_permission"}}, {"model": "auth.permission", "pk": 27, "fields": {"name": "Can delete permission", "content_type": 7, "codename": "delete_permission"}}, {"model": "auth.permission", "pk": 28, "fields": {"name": "Can view permission", "content_type": 7, "codename": "view_permission"}}, {"model": "auth.permission", "pk": 29, "fields": {"name": "Can add group", "content_type": 8, "codename": "add_group"}}, {"model": "auth.permission", "pk": 30, "fields": {"name": "Can change group", "content_type": 8, "codename": "change_group"}}, {"model": "auth.permission", "pk": 31, "fields": {"name": "Can delete group", "content_type": 8, "codename": "delete_group"}}, {"model": "auth.permission", "pk": 32, "fields": {"name": "Can view group", "content_type": 8, "codename": "view_group"}}, {"model": "auth.permission", "pk": 33, "fields": {"name": "Can add content type", "content_type": 9, "codename": "add_contenttype"}}, {"model": "auth.permission", "pk": 34, "fields": {"name": "Can change content type", "content_type": 9, "codename": "change_contenttype"}}, {"model": "auth.permission", "pk": 35, "fields": {"name": "Can delete content type", "content_type": 9, "codename": "delete_contenttype"}}, {"model": "auth.permission", "pk": 36, "fields": {"name": "Can view content type", "content_type": 9, "codename": "view_contenttype"}}, {"model": "auth.permission", "pk": 37, "fields": {"name": "Can add session", "content_type": 10, "codename": "add_session"}}, {"model": "auth.permission", "pk": 38, "fields": {"name": "Can change session", "content_type": 10, "codename": "change_session"}}, {"model": "auth.permission", "pk": 39, "fields": {"name": "Can delete session", "content_type": 10, "codename": "delete_session"}}, {"model": "auth.permission", "pk": 40, "fields": {"name": "Can view session", "content_type": 10, "codename": "view_session"}}, {"model": "auth.permission", "pk": 41, "fields": {"name": "Can add log entry", "content_type": 11, "codename": "add_logentry"}}, {"model": "auth.permission", "pk": 42, "fields": {"name": "Can change log entry", "content_type": 11, "codename": "change_logentry"}}, {"model": "auth.permission", "pk": 43, "fields": {"name": "Can delete log entry", "content_type": 11, "codename": "delete_logentry"}}, {"model": "auth.permission", "pk": 44, "fields": {"name": "Can view log entry", "content_type": 11, "codename": "view_logentry"}}, {"model": "auth.group", "pk": 1, "fields": {"name": "Administrador\n", "permissions": []}}, {"model": "auth.group", "pk": 2, "fields": {"name": "Comercial\n", "permissions": []}}, {"model": "auth.group", "pk": 3, "fields": {"name": "Supervisor\n", "permissions": []}}, {"model": "auth.group", "pk": 4, "fields": {"name": "Tecnico\n", "permissions": []}}, {"model": "auth.group", "pk": 5, "fields": {"name": "Logistica\n", "permissions": []}}, {"model": "auth.group", "pk": 6, "fields": {"name": "Administrador", "permissions": []}}, {"model": "contenttypes.contenttype", "pk": 1, "fields": {"app_label": "filsa", "model": "product"}}, {"model": "contenttypes.contenttype", "pk": 2, "fields": {"app_label": "filsa", "model": "warehouses"}}, {"model": "contenttypes.contenttype", "pk": 3, "fields": {"app_label": "filsa", "model": "customuser"}}, {"model": "contenttypes.contenttype", "pk": 4, "fields": {"app_label": "filsa", "model": "tasks"}}, {"model": "contenttypes.contenttype", "pk": 5, "fields": {"app_label": "filsa", "model": "stockmovements"}}, {"model": "contenttypes.contenttype", "pk": 6, "fields": {"app_label": "filsa", "model": "diffproducts"}}, {"model": "contenttypes.contenttype", "pk": 7, "fields": {"app_label": "auth", "model": "permission"}}, {"model": "contenttypes.contenttype", "pk": 8, "fields": {"app_label": "auth", "model": "group"}}, {"model": "contenttypes.contenttype", "pk": 9, "fields": {"app_label": "contenttypes", "model": "contenttype"}}, {"model": "contenttypes.contenttype", "pk": 10, "fields": {"app_label": "sessions", "model": "session"}}, {"model": "contenttypes.contenttype", "pk": 11, "fields": {"app_label": "admin", "model": "logentry"}}, {"model": "sessions.session", "pk": "354j0ckv5hzti0on5z6ny8ev8e9lxwtv", "fields": {"session_data": ".eJxVjEEOwiAQRe_C2hAohYJL956BzDCDVA0kpV0Z765NutDtf-_9l4iwrSVunZc4kziLIE6_G0J6cN0B3aHemkytrsuMclfkQbu8NuLn5XD_Dgr08q1HbUdmj0ojKeSUyQZECBwGVC57QOeYDbLPzoKBwdKUsiYTnM8TePH-ABmXOTU:1rhozi:rKGMcSlW3le5xIrxQpjEx0NvJedC3rlMB_VZ0C1vcVg", "expire_date": "2024-03-20T10:59:30.001Z"}}, {"model": "sessions.session", "pk": "48hy89plpbcnjeq5eonmpczfl3jjqqkg", "fields": {"session_data": ".eJxVjMsOwiAQRf-FtSHlPbh07zeQAQapGkhKuzL-uzbpQrf3nHNfLOC21rANWsKc2Zl5dvrdIqYHtR3kO7Zb56m3dZkj3xV-0MGvPdPzcrh_BxVH_dYagOTksrE5RlOkIRetJ0pgFXhIUoCYSGoVUWutwCYogorxDpOyxbH3B9zPN50:1rh8s8:hW3qXSVx-Xf4ulhW6nPmIJvUNR6Vup0KDgGO0n6Vcxk", "expire_date": "2024-03-18T14:00:52.645Z"}}]